,Title,target
0,sudden anxiety work,1
1,need advice,0
2,feel like,0
3,panic attacks,0
4,stress,0
5,anxious people like,0
6,ive come incredibly far,0
7,need help,0
8,anxiety poop,1
9,unsure go,0
10,ever get feeling behaving awkwardly,0
11,unemployed anxiety causing agoraphobic,1
12,driving around busy city first time got kinds anxiety need advice,0
13,tremors one dose ssri,0
14,think worst ever felt trying really hard cope stressing never get better,0
15,chest pain staying week think panic attack anyone linger like,0
16,going doctors soon honest opinions,0
17,texting anxiety,1
18,advice starting viibryd,0
19,mental healthanxiety like rollercoaster,0
20,sensitive,0
21,anyone feel way,0
22,useless vent,0
23,feel desperate helpless,0
24,anyone else hr take bit slow doin workout went cycling morning sitting like,0
25,year old struggling seeing psychiatrist therapist well medication looking ways refocus mind make school grade suggestions texts every day pick would like dread going school,0
26,told cant open bc anxious around,0
27,cant right,0
28,soooo anxious,0
29,anyone else think everything day mumble fuck intermittently,0
30,anxiety stress effect head daily,1
31,zoloft worked well,0
32,pvcs,0
33,feel like cant accept symptoms caused anxiety make anxiety even worst,1
34,really need advice,0
35,ways cope anxiety,1
36,finger shaking,0
37,bladder problems,0
38,called,0
39,concerned ramifications filing report,0
40,joined anxiety community,1
41,anxiety new things,1
42,wrong,0
43,nightmare advice,0
44,feel like im going circles,0
45,needing reassurance,0
46,group interview coming advice,0
47,think getting depression anxiety,1
48,big community shame help,0
49,therapy doesnt work,0
50,loss appetite due new anxiety medication,0
51,situations give anxiety,1
52,deal random interactions,0
53,anyone else find cbt useful health anxiety dont else try advice would really appreciated,1
54,getting mri hours,0
55,feel like im going die im really scared,0
56,cant even sleep anymore scared going mad,0
57,keep quitting things tw suicidal thoughts,0
58,advice leaving conversation,0
59,horrible chest discomfort every evening,0
60,well holy crap finally got job,0
61,meet new people,0
62,school anxiety,1
63,exhausted burnt,0
64,anyone ever taken leave absence work anxiety,1
65,didnt tell friends week want least couple days,0
66,sad anxious,0
67,know youve covertly abused someone past trauma abuse making genuinely feel way,0
68,make difference anxiety physical condition,1
69,anyone else feel way,0
70,anyone else often wake shaking,0
71,anxiety days normal experience anxiety average person seeking kinda help,1
72,shake much presentations,0
73,feeling super anxious frustrating conversation,0
74,online college frowned upon,0
75,frustrated,0
76,hypochondriac consuming lately always feel like cant breathe tend think lung problem even cleared doctor need help tips deal,0
77,toast years debilitating anxiety,1
78,past drinker anxiety plus health anxiety cry daily thinking scans missed cirrhosis abs die soon please need someone talk last scan mri showed cyst left lobe fibroscan showed terrified ast alt,0
79,withdrawing time sure,0
80,always feel like need someone hold hand show way,0
81,anyone else anxiety run family,1
82,easier talk online person,0
83,anyone else,0
84,begin understand kind anxiety,1
85,someone describe anxiety,1
86,coping mechanism,0
87,anyone else feel like incapable excited anything brain interprets excitement severe anxiety must annoying partner become anxious mess trying something fun exhilarating,1
88,anyone listened anxiety relieve music waves specific hz sounds sleeping,1
89,people laughing,0
90,could prolonged anxiety attack sort inneffective cardio session due increased heart rate,0
91,skipped beats like normal,0
92,quarrelled bad boy school,0
93,anxiety attacks,1
94,pushed closest friend away,0
95,thinking event makes overthink stress,0
96,symptoms yet feel anxiety,1
97,anxiety function normally public simple conversation even family,1
98,anyone else struggle celebrating way,0
99,health anxiety random sensationpain,1
100,eating much,0
101,probably ass university professor,0
102,need hug,0
103,bad anxiety throat pain,1
104,severe anxiety pests,1
105,hate anxiety,1
106,supposed live,0
107,propranolol fantastic,0
108,anxiety wake,1
109,success escitalopram,0
110,would like participate research could benefit anxiety,1
111,anyone else afraid emotions,0
112,dae find nothing adequately distracts,0
113,hard get sleep,0
114,funny things worry never actually happen,0
115,need wear thing every friday,0
116,first post,0
117,finally get benzo,0
118,wow practically lie checked phone instead crikey thats lie,0
119,rabies health anxiety please someone help,1
120,turn job offer please help,0
121,anxiety going away,1
122,anxious,0
123,need help using real account bc,0
124,best jobs people severe social anxiety,1
125,realized one staring,0
126,social anxiety making friends,1
127,please tell calm,0
128,anyone else fear growing old immortality immense pain surrounding death loved ones,0
129,never get panic attacks anymore,0
130,see negative,0
131,check things constantly,0
132,worried doctor may suspect bad things,0
133,anxiety ruining,1
134,surgery recovery,0
135,woke anxiety attack last week never one feel anxious pretty nonstop,0
136,sleep issues,0
137,anxiety associated traumatic memory,1
138,stop anxiety work,0
139,anxious feels weird,0
140,im gonna get kicked college,0
141,new job makes anxious,0
142,miserable,0
143,blame partner longer loves,0
144,night terrors,0
145,anyone relate,0
146,made fool work please help,0
147,extremely overstimulated anxious today need vent,0
148,im back control,0
149,anxiety illness,1
150,know anymore,0
151,dae feels exposed talking certain people,0
152,anxious call sick,0
153,interview,0
154,advice,0
155,ask professors halfway done group project,0
156,leg tremors,0
157,anxiety induced skin,1
158,morning bliss,0
159,uncoordinatedunstead feeling walking,0
160,persistent nocturnal attacks,0
161,im worrying day night,0
162,rains pours,0
163,starting prozac week,0
164,keep getting panic attacks frequently,0
165,anyone else hard time enjoying conversations people,0
166,stupid paranoia,0
167,downtime causes panic attacks,0
168,anyone else feel like daily,0
169,could use pep talk driving lessons wednesday,0
170,lectures make feel panicky,0
171,legs get bruises anxiety gets really bad,0
172,posted ago afraid getting vaccine,0
173,used nail bitter since grade realized addiction young ever since picking peeling skin nails stop even typing picking nails ugh,0
174,clearing mind getting back mindset,0
175,helped anxiety,1
176,always worried im something wrong,0
177,gore movies ocd,0
178,propranolol panic attacks,0
179,getting put propranolol social anxiety afraid gain weight,1
180,anxiety work help,1
181,struggling much college resume,0
182,made phone call,0
183,get anxious think im sick even im show little symptoms sometimes make anxious paranoid health cuz idea sick makes wanna shit pants,0
184,tired panic attacks isolating,0
185,caffeine fuels anxiety instead,1
186,someday die never anything never night get anxiety even think,1
187,anxiety cured thru fasting diet,1
188,dae feel like losing mind memory,0
189,eating become obstacle,0
190,anxiety makes life liveable,1
191,im sure point regarding health,0
192,dad cardiac arrest scared,0
193,intensive outpatient program,0
194,moving embarrassing momentsmistakes,0
195,need help figuring handle anxiety,0
196,starting new job next week unemployed last years coping mechanisms use prejob anxiety,0
197,tmi anyone else wake morning vomit andor go diarrhea right away,0
198,ways wind long day,0
199,leave nearly year relationship night time anxiety stressing,1
200,discord,0
201,anxiously filling time vacations,0
202,anxiety genuine cause concern,1
203,anyone else feel like anxiety,1
204,would handle situation,0
205,anybody get randomly anxious,0
206,waves anxiety breathing deep,1
207,anxiety venting,1
208,talk,0
209,afraid sent back psych ward,0
210,anxiety unmanagable dose covid vaccine,1
211,social anxiety work,1
212,darkness head,0
213,sudden anxiety work,1
214,need advice,0
215,feel like,0
216,panic attacks,0
217,stress,0
218,anxious people like,0
219,ive come incredibly far,0
220,need help,0
221,anxiety poop,1
222,unsure go,0
223,unemployed anxiety causing agoraphobic,1
224,driving around busy city first time got kinds anxiety need advice,0
225,tremors one dose ssri,0
226,think worst ever felt trying really hard cope stressing never get better,0
227,chest pain staying week think panic attack anyone linger like,0
228,going doctors soon honest opinions,0
229,texting anxiety,1
230,advice starting viibryd,0
231,mental healthanxiety like rollercoaster,0
232,sensitive,0
233,anyone feel way,0
234,useless vent,0
235,feel desperate helpless,0
236,anyone else hr take bit slow doin workout went cycling morning sitting like,0
237,year old struggling seeing psychiatrist therapist well medication looking ways refocus mind make school grade suggestions texts every day pick would like dread going school,0
238,told cant open bc anxious around,0
239,cant right,0
240,soooo anxious,0
241,anyone else think everything day mumble fuck intermittently,0
242,anxiety stress effect head daily,1
243,zoloft worked well,0
244,pvcs,0
245,really need advice,0
246,ways cope anxiety,1
247,finger shaking,0
248,bladder problems,0
249,called,0
250,concerned ramifications filing report,0
251,joined anxiety community,1
252,anxiety new things,1
253,wrong,0
254,nightmare advice,0
255,feel like im going circles,0
256,needing reassurance,0
257,group interview coming advice,0
258,therapy doesnt work,0
259,loss appetite due new anxiety medication,0
260,situations give anxiety,1
261,deal random interactions,0
262,anyone else find cbt useful health anxiety dont else try advice would really appreciated,1
263,getting mri hours,0
264,feel like im going die im really scared,0
265,cant even sleep anymore scared going mad,0
266,keep quitting things tw suicidal thoughts,0
267,advice leaving conversation,0
268,horrible chest discomfort every evening,0
269,well holy crap finally got job,0
270,meet new people,0
271,school anxiety,1
272,exhausted burnt,0
273,anyone ever taken leave absence work anxiety,1
274,didnt tell friends week want least couple days,0
275,sad anxious,0
276,know youve covertly abused someone past trauma abuse making genuinely feel way,0
277,make difference anxiety physical condition,1
278,anyone else feel way,0
279,anyone else often wake shaking,0
280,anxiety days normal experience anxiety average person seeking kinda help,1
281,shake much presentations,0
282,feeling super anxious frustrating conversation,0
283,frustrated,0
284,hypochondriac consuming lately always feel like cant breathe tend think lung problem even cleared doctor need help tips deal,0
285,toast years debilitating anxiety,1
286,withdrawing time sure,0
287,always feel like need someone hold hand show way,0
288,someone describe anxiety,1
289,coping mechanism,0
290,anyone else feel like incapable excited anything brain interprets excitement severe anxiety must annoying partner become anxious mess trying something fun exhilarating,1
291,people laughing,0
292,quarrelled bad boy school,0
293,anxiety attacks,1
294,pushed closest friend away,0
295,thinking event makes overthink stress,0
296,symptoms yet feel anxiety,1
297,anyone else struggle celebrating way,0
298,eating much,0
